{
    "AnatomicalLandmarkCoordinates": {
        "LPA": [
            200.4914935149788,
            153.5663657747637,
            110.64078780909136
        ],
        "NAS": [
            138.7907928588578,
            125.47128444353251,
            217.22222207686679
        ],
        "RPA": [
            57.124978666998416,
            151.39316193272273,
            124.37721279833968
        ]
    }
}
