{
    "AnatomicalLandmarkCoordinates": {
        "LPA": [
            199.50725756364213,
            142.30116735374943,
            107.25066679384437
        ],
        "NAS": [
            128.60962027299144,
            122.41752495985256,
            196.94560406566154
        ],
        "RPA": [
            57.903023801166455,
            136.5925469836335,
            103.4307864910586
        ]
    }
}
