{
    "AnatomicalLandmarkCoordinates": {
        "LPA": [
            201.35766638211678,
            125.87270143482631,
            110.02966986093176
        ],
        "NAS": [
            131.30061118738467,
            117.40132675001365,
            208.178163258902
        ],
        "RPA": [
            61.24583535542655,
            141.5063129587394,
            110.95400408413025
        ]
    }
}
