{
    "MEGCoordinateSystem": "ElektaNeuromag",
    "MEGCoordinateUnits": "m",
    "MEGCoordinateSystemDescription": "RAS orientation and the origin between the ears",
    "HeadCoilCoordinates": {
        "NAS": [
            8.381903171539307e-09,
            0.09561988711357117,
            3.725290298461914e-09
        ],
        "LPA": [
            -0.06299004703760147,
            2.9802322387695312e-08,
            9.313225746154785e-09
        ],
        "RPA": [
            0.06258377432823181,
            2.9802322387695312e-08,
            3.725290298461914e-09
        ],
        "coil1": [
            0.051432713866233826,
            0.0801839828491211,
            0.04399745911359787
        ],
        "coil2": [
            -0.03624121844768524,
            0.09175053238868713,
            0.049058616161346436
        ],
        "coil3": [
            0.06853300333023071,
            -0.017724603414535522,
            0.022219611331820488
        ],
        "coil4": [
            -0.06420452147722244,
            -0.018143922090530396,
            0.016393374651670456
        ]
    },
    "HeadCoilCoordinateSystem": "ElektaNeuromag",
    "HeadCoilCoordinateUnits": "m",
    "AnatomicalLandmarkCoordinates": {
        "NAS": [
            8.381903171539307e-09,
            0.09561988711357117,
            3.725290298461914e-09
        ],
        "LPA": [
            -0.06299004703760147,
            2.9802322387695312e-08,
            9.313225746154785e-09
        ],
        "RPA": [
            0.06258377432823181,
            2.9802322387695312e-08,
            3.725290298461914e-09
        ],
        "coil1": [
            0.051432713866233826,
            0.0801839828491211,
            0.04399745911359787
        ],
        "coil2": [
            -0.03624121844768524,
            0.09175053238868713,
            0.049058616161346436
        ],
        "coil3": [
            0.06853300333023071,
            -0.017724603414535522,
            0.022219611331820488
        ],
        "coil4": [
            -0.06420452147722244,
            -0.018143922090530396,
            0.016393374651670456
        ]
    },
    "AnatomicalLandmarkCoordinateSystem": "ElektaNeuromag",
    "AnatomicalLandmarkCoordinateUnits": "m"
}
