{
    "MEGCoordinateSystem": "ElektaNeuromag",
    "MEGCoordinateUnits": "m",
    "MEGCoordinateSystemDescription": "RAS orientation and the origin between the ears",
    "HeadCoilCoordinates": {
        "NAS": [
            3.725290298461914e-09,
            0.096904456615448,
            0.0
        ],
        "LPA": [
            -0.06736013293266296,
            0.0,
            7.450580596923828e-09
        ],
        "RPA": [
            0.06521087139844894,
            2.9802322387695312e-08,
            7.450580596923828e-09
        ],
        "coil1": [
            0.03333400562405586,
            0.08685386180877686,
            0.06857424974441528
        ],
        "coil2": [
            -0.03854601830244064,
            0.09267902374267578,
            0.051226235926151276
        ],
        "coil3": [
            0.06774444878101349,
            -0.022616833448410034,
            0.011905305087566376
        ],
        "coil4": [
            -0.06738750636577606,
            -0.026237785816192627,
            0.012052655220031738
        ]
    },
    "HeadCoilCoordinateSystem": "ElektaNeuromag",
    "HeadCoilCoordinateUnits": "m",
    "AnatomicalLandmarkCoordinates": {
        "NAS": [
            3.725290298461914e-09,
            0.096904456615448,
            0.0
        ],
        "LPA": [
            -0.06736013293266296,
            0.0,
            7.450580596923828e-09
        ],
        "RPA": [
            0.06521087139844894,
            2.9802322387695312e-08,
            7.450580596923828e-09
        ],
        "coil1": [
            0.03333400562405586,
            0.08685386180877686,
            0.06857424974441528
        ],
        "coil2": [
            -0.03854601830244064,
            0.09267902374267578,
            0.051226235926151276
        ],
        "coil3": [
            0.06774444878101349,
            -0.022616833448410034,
            0.011905305087566376
        ],
        "coil4": [
            -0.06738750636577606,
            -0.026237785816192627,
            0.012052655220031738
        ]
    },
    "AnatomicalLandmarkCoordinateSystem": "ElektaNeuromag",
    "AnatomicalLandmarkCoordinateUnits": "m"
}
