{
    "AnatomicalLandmarkCoordinates": {
        "LPA": [
            201.48983788493294,
            137.8793099016905,
            120.33035392510438
        ],
        "NAS": [
            131.20279225946288,
            120.22016463774266,
            214.37816082095463
        ],
        "RPA": [
            64.16128900020537,
            141.2066023654132,
            117.32262477145042
        ]
    }
}
