{
    "MEGCoordinateSystem": "ElektaNeuromag",
    "MEGCoordinateUnits": "m",
    "MEGCoordinateSystemDescription": "RAS orientation and the origin between the ears",
    "HeadCoilCoordinates": {
        "NAS": [
            4.889443516731262e-09,
            0.09563785791397095,
            0.0
        ],
        "LPA": [
            -0.07262380421161652,
            0.0,
            -1.4901161193847656e-08
        ],
        "RPA": [
            0.07601430267095566,
            0.0,
            -1.4901161193847656e-08
        ],
        "coil1": [
            -0.04146590828895569,
            0.07912170886993408,
            0.06169625371694565
        ],
        "coil2": [
            -0.07101191580295563,
            -0.027610091492533684,
            0.00820118933916092
        ],
        "coil3": [
            0.0429617203772068,
            0.07715907692909241,
            0.0714966431260109
        ],
        "coil4": [
            0.07817082852125168,
            -0.03191453218460083,
            0.001829751068726182
        ]
    },
    "HeadCoilCoordinateSystem": "ElektaNeuromag",
    "HeadCoilCoordinateUnits": "m",
    "AnatomicalLandmarkCoordinates": {
        "NAS": [
            4.889443516731262e-09,
            0.09563785791397095,
            0.0
        ],
        "LPA": [
            -0.07262380421161652,
            0.0,
            -1.4901161193847656e-08
        ],
        "RPA": [
            0.07601430267095566,
            0.0,
            -1.4901161193847656e-08
        ],
        "coil1": [
            -0.04146590828895569,
            0.07912170886993408,
            0.06169625371694565
        ],
        "coil2": [
            -0.07101191580295563,
            -0.027610091492533684,
            0.00820118933916092
        ],
        "coil3": [
            0.0429617203772068,
            0.07715907692909241,
            0.0714966431260109
        ],
        "coil4": [
            0.07817082852125168,
            -0.03191453218460083,
            0.001829751068726182
        ]
    },
    "AnatomicalLandmarkCoordinateSystem": "ElektaNeuromag",
    "AnatomicalLandmarkCoordinateUnits": "m"
}
