{
    "MEGCoordinateSystem": "ElektaNeuromag",
    "MEGCoordinateUnits": "m",
    "MEGCoordinateSystemDescription": "RAS orientation and the origin between the ears",
    "HeadCoilCoordinates": {
        "NAS": [
            1.862645149230957e-09,
            0.09166884422302246,
            -7.450580596923828e-09
        ],
        "LPA": [
            -0.0670185387134552,
            -2.9802322387695312e-08,
            -1.1175870895385742e-08
        ],
        "RPA": [
            0.06719984859228134,
            -2.9802322387695312e-08,
            -1.1175870895385742e-08
        ],
        "coil1": [
            0.06492668390274048,
            -0.025075791403651237,
            0.00845654308795929
        ],
        "coil2": [
            0.05134472995996475,
            0.07769986987113953,
            0.03215514495968819
        ],
        "coil3": [
            -0.018435318022966385,
            0.09356781840324402,
            0.04960373044013977
        ],
        "coil4": [
            -0.06838537752628326,
            -0.022906869649887085,
            0.010211280547082424
        ]
    },
    "HeadCoilCoordinateSystem": "ElektaNeuromag",
    "HeadCoilCoordinateUnits": "m",
    "AnatomicalLandmarkCoordinates": {
        "NAS": [
            1.862645149230957e-09,
            0.09166884422302246,
            -7.450580596923828e-09
        ],
        "LPA": [
            -0.0670185387134552,
            -2.9802322387695312e-08,
            -1.1175870895385742e-08
        ],
        "RPA": [
            0.06719984859228134,
            -2.9802322387695312e-08,
            -1.1175870895385742e-08
        ],
        "coil1": [
            0.06492668390274048,
            -0.025075791403651237,
            0.00845654308795929
        ],
        "coil2": [
            0.05134472995996475,
            0.07769986987113953,
            0.03215514495968819
        ],
        "coil3": [
            -0.018435318022966385,
            0.09356781840324402,
            0.04960373044013977
        ],
        "coil4": [
            -0.06838537752628326,
            -0.022906869649887085,
            0.010211280547082424
        ]
    },
    "AnatomicalLandmarkCoordinateSystem": "ElektaNeuromag",
    "AnatomicalLandmarkCoordinateUnits": "m"
}
