{
    "MEGCoordinateSystem": "ElektaNeuromag",
    "MEGCoordinateUnits": "m",
    "MEGCoordinateSystemDescription": "RAS orientation and the origin between the ears",
    "HeadCoilCoordinates": {
        "NAS": [
            -1.4901161193847656e-08,
            0.10121838748455048,
            0.0
        ],
        "LPA": [
            -0.06897197663784027,
            0.0,
            0.0
        ],
        "RPA": [
            0.06604105234146118,
            -2.9802322387695312e-08,
            -7.450580596923828e-09
        ],
        "coil1": [
            0.03685512766242027,
            0.09837831556797028,
            0.055587176233530045
        ],
        "coil2": [
            -0.03331895172595978,
            0.09737861156463623,
            0.05837942287325859
        ],
        "coil3": [
            0.06849701702594757,
            -0.01044017169624567,
            0.018738575279712677
        ],
        "coil4": [
            -0.0671040490269661,
            -0.02620173990726471,
            0.01540403813123703
        ]
    },
    "HeadCoilCoordinateSystem": "ElektaNeuromag",
    "HeadCoilCoordinateUnits": "m",
    "AnatomicalLandmarkCoordinates": {
        "NAS": [
            -1.4901161193847656e-08,
            0.10121838748455048,
            0.0
        ],
        "LPA": [
            -0.06897197663784027,
            0.0,
            0.0
        ],
        "RPA": [
            0.06604105234146118,
            -2.9802322387695312e-08,
            -7.450580596923828e-09
        ],
        "coil1": [
            0.03685512766242027,
            0.09837831556797028,
            0.055587176233530045
        ],
        "coil2": [
            -0.03331895172595978,
            0.09737861156463623,
            0.05837942287325859
        ],
        "coil3": [
            0.06849701702594757,
            -0.01044017169624567,
            0.018738575279712677
        ],
        "coil4": [
            -0.0671040490269661,
            -0.02620173990726471,
            0.01540403813123703
        ]
    },
    "AnatomicalLandmarkCoordinateSystem": "ElektaNeuromag",
    "AnatomicalLandmarkCoordinateUnits": "m"
}
