{
    "AnatomicalLandmarkCoordinates": {
        "LPA": [
            208.79148551718407,
            124.21276695061533,
            111.77367208128618
        ],
        "NAS": [
            127.21646509008589,
            121.438171521756,
            204.33491859005346
        ],
        "RPA": [
            56.27690295822707,
            139.3262665999323,
            105.22427338802808
        ]
    }
}
