{
    "MEGCoordinateSystem": "ElektaNeuromag",
    "MEGCoordinateUnits": "m",
    "MEGCoordinateSystemDescription": "RAS orientation and the origin between the ears",
    "HeadCoilCoordinates": {
        "NAS": [
            1.1175870895385742e-08,
            0.10327258706092834,
            0.0
        ],
        "LPA": [
            -0.06996158510446548,
            0.0,
            -7.450580596923828e-09
        ],
        "RPA": [
            0.06787535548210144,
            0.0,
            0.0
        ],
        "coil1": [
            0.05419953167438507,
            0.08169782161712646,
            0.05134514346718788
        ],
        "coil2": [
            0.06803561002016068,
            -0.026856258511543274,
            0.005121789872646332
        ],
        "coil3": [
            -0.06919998675584793,
            -0.019993454217910767,
            0.013681888580322266
        ],
        "coil4": [
            -0.04366401955485344,
            0.08803978562355042,
            0.06479541212320328
        ]
    },
    "HeadCoilCoordinateSystem": "ElektaNeuromag",
    "HeadCoilCoordinateUnits": "m",
    "AnatomicalLandmarkCoordinates": {
        "NAS": [
            1.1175870895385742e-08,
            0.10327258706092834,
            0.0
        ],
        "LPA": [
            -0.06996158510446548,
            0.0,
            -7.450580596923828e-09
        ],
        "RPA": [
            0.06787535548210144,
            0.0,
            0.0
        ],
        "coil1": [
            0.05419953167438507,
            0.08169782161712646,
            0.05134514346718788
        ],
        "coil2": [
            0.06803561002016068,
            -0.026856258511543274,
            0.005121789872646332
        ],
        "coil3": [
            -0.06919998675584793,
            -0.019993454217910767,
            0.013681888580322266
        ],
        "coil4": [
            -0.04366401955485344,
            0.08803978562355042,
            0.06479541212320328
        ]
    },
    "AnatomicalLandmarkCoordinateSystem": "ElektaNeuromag",
    "AnatomicalLandmarkCoordinateUnits": "m"
}
