{
    "MEGCoordinateSystem": "ElektaNeuromag",
    "MEGCoordinateUnits": "m",
    "MEGCoordinateSystemDescription": "RAS orientation and the origin between the ears",
    "HeadCoilCoordinates": {
        "NAS": [
            5.587935447692871e-09,
            0.09708425402641296,
            7.450580596923828e-09
        ],
        "LPA": [
            -0.06587013602256775,
            0.0,
            7.450580596923828e-09
        ],
        "RPA": [
            0.06379004567861557,
            2.9802322387695312e-08,
            1.1175870895385742e-08
        ],
        "coil1": [
            -0.029545364901423454,
            0.09822389483451843,
            0.052907153964042664
        ],
        "coil2": [
            -0.06755248457193375,
            -0.020695388317108154,
            0.008712884038686752
        ],
        "coil3": [
            0.0686417669057846,
            -0.01933726668357849,
            0.011323049664497375
        ],
        "coil4": [
            0.039552073925733566,
            0.08897325396537781,
            0.05334446579217911
        ]
    },
    "HeadCoilCoordinateSystem": "ElektaNeuromag",
    "HeadCoilCoordinateUnits": "m",
    "AnatomicalLandmarkCoordinates": {
        "NAS": [
            5.587935447692871e-09,
            0.09708425402641296,
            7.450580596923828e-09
        ],
        "LPA": [
            -0.06587013602256775,
            0.0,
            7.450580596923828e-09
        ],
        "RPA": [
            0.06379004567861557,
            2.9802322387695312e-08,
            1.1175870895385742e-08
        ],
        "coil1": [
            -0.029545364901423454,
            0.09822389483451843,
            0.052907153964042664
        ],
        "coil2": [
            -0.06755248457193375,
            -0.020695388317108154,
            0.008712884038686752
        ],
        "coil3": [
            0.0686417669057846,
            -0.01933726668357849,
            0.011323049664497375
        ],
        "coil4": [
            0.039552073925733566,
            0.08897325396537781,
            0.05334446579217911
        ]
    },
    "AnatomicalLandmarkCoordinateSystem": "ElektaNeuromag",
    "AnatomicalLandmarkCoordinateUnits": "m"
}
