{
    "MEGCoordinateSystem": "ElektaNeuromag",
    "MEGCoordinateUnits": "m",
    "MEGCoordinateSystemDescription": "RAS orientation and the origin between the ears",
    "HeadCoilCoordinates": {
        "NAS": [
            -4.6566128730773926e-09,
            0.09280726313591003,
            0.0
        ],
        "LPA": [
            -0.06589704006910324,
            0.0,
            0.0
        ],
        "RPA": [
            0.06609440594911575,
            -2.9802322387695312e-08,
            -3.725290298461914e-09
        ],
        "coil1": [
            -0.03861311078071594,
            0.09022042155265808,
            0.046962983906269073
        ],
        "coil2": [
            0.030877334997057915,
            0.09595689177513123,
            0.04388265684247017
        ],
        "coil3": [
            0.06921399384737015,
            -0.015313059091567993,
            0.011937886476516724
        ],
        "coil4": [
            -0.06541614234447479,
            -0.025194527581334114,
            0.00833800807595253
        ]
    },
    "HeadCoilCoordinateSystem": "ElektaNeuromag",
    "HeadCoilCoordinateUnits": "m",
    "AnatomicalLandmarkCoordinates": {
        "NAS": [
            -4.6566128730773926e-09,
            0.09280726313591003,
            0.0
        ],
        "LPA": [
            -0.06589704006910324,
            0.0,
            0.0
        ],
        "RPA": [
            0.06609440594911575,
            -2.9802322387695312e-08,
            -3.725290298461914e-09
        ],
        "coil1": [
            -0.03861311078071594,
            0.09022042155265808,
            0.046962983906269073
        ],
        "coil2": [
            0.030877334997057915,
            0.09595689177513123,
            0.04388265684247017
        ],
        "coil3": [
            0.06921399384737015,
            -0.015313059091567993,
            0.011937886476516724
        ],
        "coil4": [
            -0.06541614234447479,
            -0.025194527581334114,
            0.00833800807595253
        ]
    },
    "AnatomicalLandmarkCoordinateSystem": "ElektaNeuromag",
    "AnatomicalLandmarkCoordinateUnits": "m"
}
