{
    "AnatomicalLandmarkCoordinates": {
        "LPA": [
            197.86541952773308,
            123.3163978333175,
            115.55515649740683
        ],
        "NAS": [
            126.51395697497436,
            128.41334457262641,
            213.92434537339903
        ],
        "RPA": [
            61.43495563874468,
            139.96178353553012,
            111.06166886637247
        ]
    }
}
