{
    "AnatomicalLandmarkCoordinates": {
        "LPA": [
            199.15814995242607,
            144.07438666758588,
            112.52953336031075
        ],
        "NAS": [
            132.65989383085432,
            135.61059095319138,
            211.48830167136612
        ],
        "RPA": [
            63.340607063743334,
            147.61949286110993,
            112.19358192215124
        ]
    }
}
