{
    "MEGCoordinateSystem": "ElektaNeuromag",
    "MEGCoordinateUnits": "m",
    "MEGCoordinateSystemDescription": "RAS orientation and the origin between the ears",
    "HeadCoilCoordinates": {
        "NAS": [
            5.587935447692871e-09,
            0.10378745198249817,
            -7.450580596923828e-09
        ],
        "LPA": [
            -0.07200052589178085,
            0.0,
            -1.862645149230957e-08
        ],
        "RPA": [
            0.07203894853591919,
            0.0,
            -7.450580596923828e-09
        ],
        "coil1": [
            0.05025937035679817,
            0.08110743761062622,
            0.07272278517484665
        ],
        "coil2": [
            -0.05270979180932045,
            0.08217251300811768,
            0.06819803267717361
        ],
        "coil3": [
            -0.07635219395160675,
            -0.017872631549835205,
            0.005982131231576204
        ],
        "coil4": [
            0.07456648349761963,
            -0.01870587468147278,
            0.015093877911567688
        ]
    },
    "HeadCoilCoordinateSystem": "ElektaNeuromag",
    "HeadCoilCoordinateUnits": "m",
    "AnatomicalLandmarkCoordinates": {
        "NAS": [
            5.587935447692871e-09,
            0.10378745198249817,
            -7.450580596923828e-09
        ],
        "LPA": [
            -0.07200052589178085,
            0.0,
            -1.862645149230957e-08
        ],
        "RPA": [
            0.07203894853591919,
            0.0,
            -7.450580596923828e-09
        ],
        "coil1": [
            0.05025937035679817,
            0.08110743761062622,
            0.07272278517484665
        ],
        "coil2": [
            -0.05270979180932045,
            0.08217251300811768,
            0.06819803267717361
        ],
        "coil3": [
            -0.07635219395160675,
            -0.017872631549835205,
            0.005982131231576204
        ],
        "coil4": [
            0.07456648349761963,
            -0.01870587468147278,
            0.015093877911567688
        ]
    },
    "AnatomicalLandmarkCoordinateSystem": "ElektaNeuromag",
    "AnatomicalLandmarkCoordinateUnits": "m"
}
