{
    "AnatomicalLandmarkCoordinates": {
        "LPA": [
            201.5960134346385,
            133.82123705043358,
            112.66726733246948
        ],
        "NAS": [
            132.5093635284006,
            119.69014262678607,
            207.9358595839607
        ],
        "RPA": [
            66.703402861511,
            143.45443483820154,
            114.20175825529813
        ]
    }
}
