{
    "MEGCoordinateSystem": "ElektaNeuromag",
    "MEGCoordinateUnits": "m",
    "MEGCoordinateSystemDescription": "RAS orientation and the origin between the ears",
    "HeadCoilCoordinates": {
        "NAS": [
            -1.862645149230957e-09,
            0.09902811050415039,
            0.0
        ],
        "LPA": [
            -0.06932759284973145,
            0.0,
            7.450580596923828e-09
        ],
        "RPA": [
            0.07165676355361938,
            0.0,
            7.450580596923828e-09
        ],
        "coil1": [
            0.04015184938907623,
            0.09534227848052979,
            0.042361557483673096
        ],
        "coil2": [
            -0.035806119441986084,
            0.0887698233127594,
            0.056936055421829224
        ],
        "coil3": [
            0.07641947269439697,
            -0.016936928033828735,
            0.016960585489869118
        ],
        "coil4": [
            -0.06922394037246704,
            -0.02476227469742298,
            0.00975753366947174
        ]
    },
    "HeadCoilCoordinateSystem": "ElektaNeuromag",
    "HeadCoilCoordinateUnits": "m",
    "AnatomicalLandmarkCoordinates": {
        "NAS": [
            -1.862645149230957e-09,
            0.09902811050415039,
            0.0
        ],
        "LPA": [
            -0.06932759284973145,
            0.0,
            7.450580596923828e-09
        ],
        "RPA": [
            0.07165676355361938,
            0.0,
            7.450580596923828e-09
        ],
        "coil1": [
            0.04015184938907623,
            0.09534227848052979,
            0.042361557483673096
        ],
        "coil2": [
            -0.035806119441986084,
            0.0887698233127594,
            0.056936055421829224
        ],
        "coil3": [
            0.07641947269439697,
            -0.016936928033828735,
            0.016960585489869118
        ],
        "coil4": [
            -0.06922394037246704,
            -0.02476227469742298,
            0.00975753366947174
        ]
    },
    "AnatomicalLandmarkCoordinateSystem": "ElektaNeuromag",
    "AnatomicalLandmarkCoordinateUnits": "m"
}
