{
    "MEGCoordinateSystem": "ElektaNeuromag",
    "MEGCoordinateUnits": "m",
    "MEGCoordinateSystemDescription": "RAS orientation and the origin between the ears",
    "HeadCoilCoordinates": {
        "NAS": [
            1.0826624929904938e-08,
            0.09653761982917786,
            0.0
        ],
        "LPA": [
            -0.0768781304359436,
            -2.9802322387695312e-08,
            -1.4901161193847656e-08
        ],
        "RPA": [
            0.07652333378791809,
            2.9802322387695312e-08,
            0.0
        ],
        "coil1": [
            0.05150522291660309,
            0.08088058233261108,
            0.060689777135849
        ],
        "coil2": [
            0.07690255343914032,
            -0.02702215313911438,
            0.008035019040107727
        ],
        "coil3": [
            -0.04452606663107872,
            0.08412134647369385,
            0.05898624658584595
        ],
        "coil4": [
            -0.07780230790376663,
            -0.02039143443107605,
            0.014559462666511536
        ]
    },
    "HeadCoilCoordinateSystem": "ElektaNeuromag",
    "HeadCoilCoordinateUnits": "m",
    "AnatomicalLandmarkCoordinates": {
        "NAS": [
            1.0826624929904938e-08,
            0.09653761982917786,
            0.0
        ],
        "LPA": [
            -0.0768781304359436,
            -2.9802322387695312e-08,
            -1.4901161193847656e-08
        ],
        "RPA": [
            0.07652333378791809,
            2.9802322387695312e-08,
            0.0
        ],
        "coil1": [
            0.05150522291660309,
            0.08088058233261108,
            0.060689777135849
        ],
        "coil2": [
            0.07690255343914032,
            -0.02702215313911438,
            0.008035019040107727
        ],
        "coil3": [
            -0.04452606663107872,
            0.08412134647369385,
            0.05898624658584595
        ],
        "coil4": [
            -0.07780230790376663,
            -0.02039143443107605,
            0.014559462666511536
        ]
    },
    "AnatomicalLandmarkCoordinateSystem": "ElektaNeuromag",
    "AnatomicalLandmarkCoordinateUnits": "m"
}
