{
    "AnatomicalLandmarkCoordinates": {
        "LPA": [
            197.2070953954714,
            151.63982053271997,
            109.8727545037485
        ],
        "NAS": [
            126.179904162043,
            141.87936115085532,
            197.93261490233442
        ],
        "RPA": [
            63.37626199347187,
            160.63072169770237,
            105.07201442161836
        ]
    }
}
