{
    "AnatomicalLandmarkCoordinates": {
        "LPA": [
            206.39027434860918,
            137.6893419740004,
            117.44847047097065
        ],
        "NAS": [
            133.79073904261926,
            117.14668434728324,
            210.87290446476692
        ],
        "RPA": [
            57.88923312410449,
            143.89033485037754,
            118.95711382309521
        ]
    }
}
