{
    "MEGCoordinateSystem": "ElektaNeuromag",
    "MEGCoordinateUnits": "m",
    "MEGCoordinateSystemDescription": "RAS orientation and the origin between the ears",
    "HeadCoilCoordinates": {
        "NAS": [
            -3.725290298461914e-09,
            0.09315907955169678,
            -7.450580596923828e-09
        ],
        "LPA": [
            -0.06919828057289124,
            0.0,
            -7.450580596923828e-09
        ],
        "RPA": [
            0.07257244735956192,
            0.0,
            -7.450580596923828e-09
        ],
        "coil1": [
            0.044502802193164825,
            0.08476924151182175,
            0.06483961641788483
        ],
        "coil2": [
            -0.04694196581840515,
            0.07863626629114151,
            0.06196634843945503
        ],
        "coil3": [
            0.07450677454471588,
            -0.022012844681739807,
            0.015668608248233795
        ],
        "coil4": [
            -0.06739390641450882,
            -0.035166069865226746,
            0.000267944997176528
        ]
    },
    "HeadCoilCoordinateSystem": "ElektaNeuromag",
    "HeadCoilCoordinateUnits": "m",
    "AnatomicalLandmarkCoordinates": {
        "NAS": [
            -3.725290298461914e-09,
            0.09315907955169678,
            -7.450580596923828e-09
        ],
        "LPA": [
            -0.06919828057289124,
            0.0,
            -7.450580596923828e-09
        ],
        "RPA": [
            0.07257244735956192,
            0.0,
            -7.450580596923828e-09
        ],
        "coil1": [
            0.044502802193164825,
            0.08476924151182175,
            0.06483961641788483
        ],
        "coil2": [
            -0.04694196581840515,
            0.07863626629114151,
            0.06196634843945503
        ],
        "coil3": [
            0.07450677454471588,
            -0.022012844681739807,
            0.015668608248233795
        ],
        "coil4": [
            -0.06739390641450882,
            -0.035166069865226746,
            0.000267944997176528
        ]
    },
    "AnatomicalLandmarkCoordinateSystem": "ElektaNeuromag",
    "AnatomicalLandmarkCoordinateUnits": "m"
}
