{
    "AnatomicalLandmarkCoordinates": {
        "LPA": [
            196.9709112261033,
            142.33658880658263,
            107.97643597421433
        ],
        "NAS": [
            133.88653791884246,
            140.0546946989438,
            209.5462271331989
        ],
        "RPA": [
            63.31451850300688,
            141.85040741216017,
            111.43940230120377
        ]
    }
}
