{
    "MEGCoordinateSystem": "ElektaNeuromag",
    "MEGCoordinateUnits": "m",
    "MEGCoordinateSystemDescription": "RAS orientation and the origin between the ears",
    "HeadCoilCoordinates": {
        "NAS": [
            0.0,
            0.09749484062194824,
            7.450580596923828e-09
        ],
        "LPA": [
            -0.06776326894760132,
            0.0,
            7.450580596923828e-09
        ],
        "RPA": [
            0.06963850557804108,
            -2.9802322387695312e-08,
            7.450580596923828e-09
        ],
        "coil1": [
            0.04152219370007515,
            0.09410616755485535,
            0.05442807823419571
        ],
        "coil2": [
            0.07319914549589157,
            -0.029575230553746223,
            0.0024542470928281546
        ],
        "coil3": [
            -0.051714662462472916,
            0.08299078792333603,
            0.05780639499425888
        ],
        "coil4": [
            -0.07002605497837067,
            -0.01611250638961792,
            0.01869233325123787
        ]
    },
    "HeadCoilCoordinateSystem": "ElektaNeuromag",
    "HeadCoilCoordinateUnits": "m",
    "AnatomicalLandmarkCoordinates": {
        "NAS": [
            0.0,
            0.09749484062194824,
            7.450580596923828e-09
        ],
        "LPA": [
            -0.06776326894760132,
            0.0,
            7.450580596923828e-09
        ],
        "RPA": [
            0.06963850557804108,
            -2.9802322387695312e-08,
            7.450580596923828e-09
        ],
        "coil1": [
            0.04152219370007515,
            0.09410616755485535,
            0.05442807823419571
        ],
        "coil2": [
            0.07319914549589157,
            -0.029575230553746223,
            0.0024542470928281546
        ],
        "coil3": [
            -0.051714662462472916,
            0.08299078792333603,
            0.05780639499425888
        ],
        "coil4": [
            -0.07002605497837067,
            -0.01611250638961792,
            0.01869233325123787
        ]
    },
    "AnatomicalLandmarkCoordinateSystem": "ElektaNeuromag",
    "AnatomicalLandmarkCoordinateUnits": "m"
}
