{
    "AnatomicalLandmarkCoordinates": {
        "LPA": [
            194.1109644171364,
            136.35900327347954,
            120.91458256643466
        ],
        "NAS": [
            127.78363378646733,
            126.35354904642818,
            218.01472447829843
        ],
        "RPA": [
            61.59671936624693,
            139.79363378481483,
            122.71739275394657
        ]
    }
}
