{
    "AnatomicalLandmarkCoordinates": {
        "LPA": [
            192.31726704317109,
            142.07231822958917,
            107.07767122845299
        ],
        "NAS": [
            131.48583559726973,
            119.50187979247418,
            200.59622472704098
        ],
        "RPA": [
            60.639166105530165,
            134.93740722374577,
            112.7090305138301
        ]
    }
}
