{
    "MEGCoordinateSystem": "ElektaNeuromag",
    "MEGCoordinateUnits": "m",
    "MEGCoordinateSystemDescription": "RAS orientation and the origin between the ears",
    "HeadCoilCoordinates": {
        "NAS": [
            -9.080395102500916e-09,
            0.09638652205467224,
            0.0
        ],
        "LPA": [
            -0.06898114085197449,
            0.0,
            0.0
        ],
        "RPA": [
            0.06626371294260025,
            -2.9802322387695312e-08,
            0.0
        ],
        "coil1": [
            -0.06443610787391663,
            -0.0219259113073349,
            0.013048674911260605
        ],
        "coil2": [
            0.06978548318147659,
            -0.022692039608955383,
            0.015734851360321045
        ],
        "coil3": [
            0.029096389189362526,
            0.09723395109176636,
            0.048104483634233475
        ],
        "coil4": [
            -0.031217189505696297,
            0.09240227937698364,
            0.05867915228009224
        ]
    },
    "HeadCoilCoordinateSystem": "ElektaNeuromag",
    "HeadCoilCoordinateUnits": "m",
    "AnatomicalLandmarkCoordinates": {
        "NAS": [
            -9.080395102500916e-09,
            0.09638652205467224,
            0.0
        ],
        "LPA": [
            -0.06898114085197449,
            0.0,
            0.0
        ],
        "RPA": [
            0.06626371294260025,
            -2.9802322387695312e-08,
            0.0
        ],
        "coil1": [
            -0.06443610787391663,
            -0.0219259113073349,
            0.013048674911260605
        ],
        "coil2": [
            0.06978548318147659,
            -0.022692039608955383,
            0.015734851360321045
        ],
        "coil3": [
            0.029096389189362526,
            0.09723395109176636,
            0.048104483634233475
        ],
        "coil4": [
            -0.031217189505696297,
            0.09240227937698364,
            0.05867915228009224
        ]
    },
    "AnatomicalLandmarkCoordinateSystem": "ElektaNeuromag",
    "AnatomicalLandmarkCoordinateUnits": "m"
}
