{
    "AnatomicalLandmarkCoordinates": {
        "LPA": [
            196.18433282924804,
            140.05682683808567,
            120.61523009613134
        ],
        "NAS": [
            125.12418580410633,
            136.00214683878576,
            208.36634287475465
        ],
        "RPA": [
            69.39905624518832,
            146.54039296972138,
            107.75073928516215
        ]
    }
}
