{
    "AnatomicalLandmarkCoordinates": {
        "LPA": [
            191.58418740597165,
            138.99769433583523,
            108.71499809310997
        ],
        "NAS": [
            130.49958055134775,
            128.56114313629124,
            208.33415588116543
        ],
        "RPA": [
            62.088427723486134,
            140.05953501619172,
            115.15574400741201
        ]
    }
}
