{
    "MEGCoordinateSystem": "ElektaNeuromag",
    "MEGCoordinateUnits": "m",
    "MEGCoordinateSystemDescription": "RAS orientation and the origin between the ears",
    "HeadCoilCoordinates": {
        "NAS": [
            0.0,
            0.09964531660079956,
            0.0
        ],
        "LPA": [
            -0.06600987166166306,
            0.0,
            0.0
        ],
        "RPA": [
            0.06985434889793396,
            0.0,
            0.0
        ],
        "coil1": [
            0.052134208381175995,
            0.09472906589508057,
            0.03909117728471756
        ],
        "coil2": [
            -0.03784029930830002,
            0.10220682621002197,
            0.04109605401754379
        ],
        "coil3": [
            0.07341318577528,
            -0.02241063117980957,
            0.011982157826423645
        ],
        "coil4": [
            -0.07115159928798676,
            -0.01602899841964245,
            0.0181969553232193
        ]
    },
    "HeadCoilCoordinateSystem": "ElektaNeuromag",
    "HeadCoilCoordinateUnits": "m",
    "AnatomicalLandmarkCoordinates": {
        "NAS": [
            0.0,
            0.09964531660079956,
            0.0
        ],
        "LPA": [
            -0.06600987166166306,
            0.0,
            0.0
        ],
        "RPA": [
            0.06985434889793396,
            0.0,
            0.0
        ],
        "coil1": [
            0.052134208381175995,
            0.09472906589508057,
            0.03909117728471756
        ],
        "coil2": [
            -0.03784029930830002,
            0.10220682621002197,
            0.04109605401754379
        ],
        "coil3": [
            0.07341318577528,
            -0.02241063117980957,
            0.011982157826423645
        ],
        "coil4": [
            -0.07115159928798676,
            -0.01602899841964245,
            0.0181969553232193
        ]
    },
    "AnatomicalLandmarkCoordinateSystem": "ElektaNeuromag",
    "AnatomicalLandmarkCoordinateUnits": "m"
}
