{
    "AnatomicalLandmarkCoordinates": {
        "LPA": [
            196.8809284849702,
            143.7207015064661,
            117.69422032893814
        ],
        "NAS": [
            126.63004615405603,
            123.91568509196543,
            218.84967848831155
        ],
        "RPA": [
            59.31411308331913,
            135.2975519977141,
            115.83847749999978
        ]
    }
}
