{
    "MEGCoordinateSystem": "ElektaNeuromag",
    "MEGCoordinateUnits": "m",
    "MEGCoordinateSystemDescription": "RAS orientation and the origin between the ears",
    "HeadCoilCoordinates": {
        "NAS": [
            3.725290298461914e-09,
            0.09992268681526184,
            0.0
        ],
        "LPA": [
            -0.06570178270339966,
            0.0,
            7.450580596923828e-09
        ],
        "RPA": [
            0.06800034642219543,
            2.9802322387695312e-08,
            7.450580596923828e-09
        ],
        "coil1": [
            0.036685653030872345,
            0.09656757116317749,
            0.05276918783783913
        ],
        "coil2": [
            -0.03427163138985634,
            0.09895923733711243,
            0.051526300609111786
        ],
        "coil3": [
            0.07015574723482132,
            -0.01735442876815796,
            0.012529317289590836
        ],
        "coil4": [
            -0.06617408245801926,
            -0.025061607360839844,
            0.0176069438457489
        ]
    },
    "HeadCoilCoordinateSystem": "ElektaNeuromag",
    "HeadCoilCoordinateUnits": "m",
    "AnatomicalLandmarkCoordinates": {
        "NAS": [
            3.725290298461914e-09,
            0.09992268681526184,
            0.0
        ],
        "LPA": [
            -0.06570178270339966,
            0.0,
            7.450580596923828e-09
        ],
        "RPA": [
            0.06800034642219543,
            2.9802322387695312e-08,
            7.450580596923828e-09
        ],
        "coil1": [
            0.036685653030872345,
            0.09656757116317749,
            0.05276918783783913
        ],
        "coil2": [
            -0.03427163138985634,
            0.09895923733711243,
            0.051526300609111786
        ],
        "coil3": [
            0.07015574723482132,
            -0.01735442876815796,
            0.012529317289590836
        ],
        "coil4": [
            -0.06617408245801926,
            -0.025061607360839844,
            0.0176069438457489
        ]
    },
    "AnatomicalLandmarkCoordinateSystem": "ElektaNeuromag",
    "AnatomicalLandmarkCoordinateUnits": "m"
}
