{
    "AnatomicalLandmarkCoordinates": {
        "LPA": [
            202.41137293670508,
            143.79533345286822,
            97.35009632141525
        ],
        "NAS": [
            134.71751252912583,
            140.11669931981763,
            199.36137957785246
        ],
        "RPA": [
            67.8790961699669,
            154.9204003037711,
            99.76184829484363
        ]
    }
}
