{
    "AnatomicalLandmarkCoordinates": {
        "LPA": [
            194.4360034504341,
            137.91290567092312,
            116.24639838987439
        ],
        "NAS": [
            132.79546947755424,
            127.8920033445805,
            209.55813057216727
        ],
        "RPA": [
            67.27897467568008,
            141.51068393136626,
            121.27981564374349
        ]
    }
}
