{
    "MEGCoordinateSystem": "ElektaNeuromag",
    "MEGCoordinateUnits": "m",
    "MEGCoordinateSystemDescription": "RAS orientation and the origin between the ears",
    "HeadCoilCoordinates": {
        "NAS": [
            -9.313225746154785e-09,
            0.0947495698928833,
            -1.4901161193847656e-08
        ],
        "LPA": [
            -0.061552926898002625,
            0.0,
            -7.450580596923828e-09
        ],
        "RPA": [
            0.06604816019535065,
            -1.4901161193847656e-08,
            -7.450580596923828e-09
        ],
        "coil1": [
            0.024607298895716667,
            0.0965893566608429,
            0.05430542677640915
        ],
        "coil2": [
            -0.03921741619706154,
            0.08930462598800659,
            0.04855561628937721
        ],
        "coil3": [
            0.06977137178182602,
            -0.022807732224464417,
            0.01097819209098816
        ],
        "coil4": [
            -0.062346555292606354,
            -0.01907837577164173,
            0.01322578638792038
        ]
    },
    "HeadCoilCoordinateSystem": "ElektaNeuromag",
    "HeadCoilCoordinateUnits": "m",
    "AnatomicalLandmarkCoordinates": {
        "NAS": [
            -9.313225746154785e-09,
            0.0947495698928833,
            -1.4901161193847656e-08
        ],
        "LPA": [
            -0.061552926898002625,
            0.0,
            -7.450580596923828e-09
        ],
        "RPA": [
            0.06604816019535065,
            -1.4901161193847656e-08,
            -7.450580596923828e-09
        ],
        "coil1": [
            0.024607298895716667,
            0.0965893566608429,
            0.05430542677640915
        ],
        "coil2": [
            -0.03921741619706154,
            0.08930462598800659,
            0.04855561628937721
        ],
        "coil3": [
            0.06977137178182602,
            -0.022807732224464417,
            0.01097819209098816
        ],
        "coil4": [
            -0.062346555292606354,
            -0.01907837577164173,
            0.01322578638792038
        ]
    },
    "AnatomicalLandmarkCoordinateSystem": "ElektaNeuromag",
    "AnatomicalLandmarkCoordinateUnits": "m"
}
