{
    "MEGCoordinateSystem": "ElektaNeuromag",
    "MEGCoordinateUnits": "m",
    "MEGCoordinateSystemDescription": "RAS orientation and the origin between the ears",
    "HeadCoilCoordinates": {
        "NAS": [
            3.725290298461914e-09,
            0.09258255362510681,
            0.0
        ],
        "LPA": [
            -0.0635308027267456,
            1.4901161193847656e-08,
            -3.725290298461914e-09
        ],
        "RPA": [
            0.0675477460026741,
            1.4901161193847656e-08,
            1.862645149230957e-09
        ],
        "coil1": [
            -0.042172178626060486,
            0.08777289092540741,
            0.060858700424432755
        ],
        "coil2": [
            0.04100389406085014,
            0.08951067924499512,
            0.06247192993760109
        ],
        "coil3": [
            -0.06218558922410011,
            -0.030229540541768074,
            0.013736171647906303
        ],
        "coil4": [
            0.06713041663169861,
            -0.020384684205055237,
            0.00961651187390089
        ]
    },
    "HeadCoilCoordinateSystem": "ElektaNeuromag",
    "HeadCoilCoordinateUnits": "m",
    "AnatomicalLandmarkCoordinates": {
        "NAS": [
            3.725290298461914e-09,
            0.09258255362510681,
            0.0
        ],
        "LPA": [
            -0.0635308027267456,
            1.4901161193847656e-08,
            -3.725290298461914e-09
        ],
        "RPA": [
            0.0675477460026741,
            1.4901161193847656e-08,
            1.862645149230957e-09
        ],
        "coil1": [
            -0.042172178626060486,
            0.08777289092540741,
            0.060858700424432755
        ],
        "coil2": [
            0.04100389406085014,
            0.08951067924499512,
            0.06247192993760109
        ],
        "coil3": [
            -0.06218558922410011,
            -0.030229540541768074,
            0.013736171647906303
        ],
        "coil4": [
            0.06713041663169861,
            -0.020384684205055237,
            0.00961651187390089
        ]
    },
    "AnatomicalLandmarkCoordinateSystem": "ElektaNeuromag",
    "AnatomicalLandmarkCoordinateUnits": "m"
}
