{
    "MEGCoordinateSystem": "ElektaNeuromag",
    "MEGCoordinateUnits": "m",
    "MEGCoordinateSystemDescription": "RAS orientation and the origin between the ears",
    "HeadCoilCoordinates": {
        "NAS": [
            -1.0244548320770264e-08,
            0.10071487724781036,
            0.0
        ],
        "LPA": [
            -0.06819107383489609,
            0.0,
            -1.4901161193847656e-08
        ],
        "RPA": [
            0.06932449340820312,
            0.0,
            -2.2351741790771484e-08
        ],
        "coil1": [
            0.02952679619193077,
            0.10129988193511963,
            0.04377763718366623
        ],
        "coil2": [
            -0.029415346682071686,
            0.0998033881187439,
            0.046870529651641846
        ],
        "coil3": [
            0.06716730445623398,
            -0.022984860464930534,
            -0.0027760639786720276
        ],
        "coil4": [
            -0.06385181099176407,
            -0.024899542331695557,
            0.00924526248127222
        ]
    },
    "HeadCoilCoordinateSystem": "ElektaNeuromag",
    "HeadCoilCoordinateUnits": "m",
    "AnatomicalLandmarkCoordinates": {
        "NAS": [
            -1.0244548320770264e-08,
            0.10071487724781036,
            0.0
        ],
        "LPA": [
            -0.06819107383489609,
            0.0,
            -1.4901161193847656e-08
        ],
        "RPA": [
            0.06932449340820312,
            0.0,
            -2.2351741790771484e-08
        ],
        "coil1": [
            0.02952679619193077,
            0.10129988193511963,
            0.04377763718366623
        ],
        "coil2": [
            -0.029415346682071686,
            0.0998033881187439,
            0.046870529651641846
        ],
        "coil3": [
            0.06716730445623398,
            -0.022984860464930534,
            -0.0027760639786720276
        ],
        "coil4": [
            -0.06385181099176407,
            -0.024899542331695557,
            0.00924526248127222
        ]
    },
    "AnatomicalLandmarkCoordinateSystem": "ElektaNeuromag",
    "AnatomicalLandmarkCoordinateUnits": "m"
}
