{
    "AnatomicalLandmarkCoordinates": {
        "LPA": [
            195.338473117808,
            129.8445007406706,
            111.96017183244807
        ],
        "NAS": [
            137.69513245505746,
            122.78909306817219,
            210.64335482302127
        ],
        "RPA": [
            70.09322650894892,
            135.1392483491366,
            119.3343148709802
        ]
    }
}
